Time,pm25,pm10,Temperature,Pressure,Humidity,Altitude,Gas
1707953896.0746756,0,3,34.7880078125,692.6947881967876,100,3095.0960444746106,92888
1707953897.0866747,0,3,23.0231640625,1005.0991948582716,47.38207484756683,68.08310710972005,24531
1707953898.0987628,0,3,23.05734375,1005.0953182636143,47.28058357539128,68.11559422523142,28346
1707953899.1108527,0,3,23.094453125,1005.0945384798575,47.12983803073139,68.12212907727024,32455
1707953900.1229615,0,3,23.1284375,1005.0920468512439,46.99123629582895,68.1430097966163,36362
1707953901.135042,1,3,23.1571484375,1005.0928995203451,46.84590317159841,68.13586412656952,40060
1707953902.1471102,1,3,23.184296875,1005.1014858935699,46.70668584652139,68.06390754153105,43455
1707953903.1592195,1,3,23.2067578125,1005.1040764486587,46.59176128476052,68.04219794966198,48884
1707953904.1713443,1,3,23.225703125,1005.1025996824983,46.4826710254454,68.05457366650359,52433
1707953905.1836157,1,3,23.241328125,1005.1042498892745,46.391791518442666,68.04074446936085,55469
1707953906.1957064,1,3,23.25421875,1005.1048373861149,46.306808886306015,68.03582108495371,58333
1707953907.207809,1,3,23.266328125,1005.1024208603661,46.2279478995987,68.05607224739606,61210
1707953908.21997,1,3,23.27765625,1005.1055913262375,46.14902765804984,68.02950286368441,64151
1707953909.2316322,1,3,23.28703125,1005.1055485862291,46.08842119154335,68.02986103635813,66574
1707953910.2436786,1,4,23.295625,1005.1128116597347,46.02774194106027,67.96899471879696,68863
1707953911.25589,1,4,23.3024609375,1005.1137465935661,45.97304130965903,67.96115977239894,71027
1707953912.2666817,1,4,23.3094921875,1005.1098477228393,45.92454528695513,67.99383318584333,73455
1707953913.2774713,1,4,23.31515625,1005.10026308277,45.88822785417091,68.07415506117746,75274
1707953914.288304,1,4,23.3219921875,1005.0994789893313,45.86438197914146,68.08072600364777,77119
1707953915.2990928,1,4,23.3270703125,1005.0975217015678,45.834169004681826,68.0971286909482,79340
1707953916.3110206,1,5,23.3321484375,1005.0938459137849,45.79163920074214,68.12793301901195,81167
1707953917.3230958,1,5,23.336640625,1005.0926429331766,45.77368861016996,68.13801441769837,83080
1707953918.3351772,1,5,23.3415234375,1005.0903639668588,45.74962646684352,68.15711298014726,84677
1707953919.347291,1,5,23.346015625,1005.0908791484111,45.72552130822659,68.15279556924133,86083
1707953920.3594353,1,5,23.3505078125,1005.0896758441004,45.7198929597667,68.162879704771,87886
1707953921.371486,1,5,23.3548046875,1005.081277531921,45.708083748946535,68.23326094170586,89766
1707953922.3835847,1,5,23.35890625,1005.0811499145207,45.70856754660414,68.23433043056605,90503
1707953923.3956456,1,5,23.3628125,1005.0738272410658,45.696712875929116,68.29569777689049,92791
1707953924.407673,1,5,23.3665234375,1005.0661831801898,45.684835880371466,68.35975888271702,96259
1707953925.4196916,1,5,23.3696484375,1005.0696044536941,45.66673392173966,68.33108682732767,97322
1707953926.4317222,1,5,23.3731640625,1005.0685127951174,45.65483574008564,68.34023548666639,98906
1707953927.443773,1,5,23.377265625,1005.0683847577047,45.61838629238259,68.34130850644837,100830
1707953928.4556763,1,4,23.381953125,1005.0760942714417,45.60047481946256,68.27669898875828,101526
1707953929.4678118,1,4,23.385078125,1005.0709229891327,45.57622757550933,68.32003683413019,103433
1707953930.479908,1,4,23.3876171875,1005.0716619441168,45.56422009729648,68.31384402312143,104167
1707953931.4919446,0,3,23.391328125,1005.0743282320718,45.540046583794506,68.29149923202291,105729
1707953932.504009,0,3,23.395234375,1005.0738786719958,45.53435408563284,68.29526676095315,106689
1707953933.5160398,0,3,23.3993359375,1005.0771873265974,45.5225330285819,68.26753868132131,107930
1707953934.528086,0,3,23.403046875,1005.0798535019075,45.5168180127287,68.24519493369947,109676
1707953935.5406926,0,3,23.406953125,1005.0862779768222,45.51112611084471,68.19135514307439,110502
1707953936.5521116,0,3,23.4091015625,1005.0846557647885,45.48677555691401,68.2049499330679,112118
1707953937.5628812,0,4,23.4110546875,1005.0827123000807,45.47470482497836,68.22123697321132,112908
1707953938.5736964,0,4,23.4133984375,1005.0796926764905,45.468830430665335,68.24654272162941,114004
1707953939.5844905,0,4,23.416328125,1005.0827923948549,45.45687559909597,68.22056574528717,115347
1707953940.5953279,0,3,23.41984375,1005.0851371737954,45.46343820641697,68.20091552990674,115574
1707953941.6072936,0,3,23.422578125,1005.0913528367696,45.45146069234378,68.14882588814146,117344
1707953942.6193564,0,3,23.425703125,1005.0896179417342,45.445678739413935,68.16336494827908,117972
1707953943.6314766,0,3,23.42765625,1005.0893929062781,45.44590821185081,68.16525082987445,119168
1707953944.6435869,0,3,23.4298046875,1005.0826146108132,45.44001166790911,68.22205565045854,119411
1707953945.6556554,0,3,23.432734375,1005.0771210974501,45.42805850659499,68.26809371195976,120637
1707953946.6677945,0,3,23.434296875,1005.0659417855945,45.42824203895242,68.36178189823771,121552
1707953947.6798987,0,3,23.43703125,1005.065282795282,45.422414829903325,68.36730459072407,121888
1707953948.6924624,0,3,23.4395703125,1005.0539907277856,45.41041685537432,68.46193863211406,123166
1707953949.7034953,1,5,23.4425,1005.050215525544,45.40461309076229,68.49357719729963,123511
1707953950.7142916,1,5,23.446015625,1005.0508411539346,45.39887828054497,68.48833403191057,124295
1707953951.725098,1,5,23.4485546875,1005.0464234238248,45.39302896502397,68.5253574875868,125445
1707953952.7360146,1,5,23.4516796875,1005.0515625643512,45.3811015629149,68.48228815526608,127073
1707953953.746828,1,5,23.4548046875,1005.0429522808041,45.36302848330937,68.55444801937227,127533
1707953954.7585166,1,5,23.45734375,1005.0402530463238,45.357180217463466,68.57706949049536,128182
1707953955.7698345,1,10,23.4598828125,1005.03755376214,45.35133211643685,68.59969142736107,128744
1707953956.7816374,1,10,23.46203125,1005.0393681459115,45.32700214322065,68.58448558500729,129121
1707953957.7925668,1,10,23.4645703125,1005.0452623078154,45.32729993531231,68.53508841787186,129978
1707953958.803262,1,10,23.467109375,1005.047719065313,45.327597735287256,68.51449915438158,130652
1707953959.815576,1,10,23.46828125,1005.0530836333211,45.315445324391725,68.46954064449683,132121
1707953960.8258047,1,10,23.4696484375,1005.0570506888637,45.30946103301684,68.43629430757895,133019
1707953961.836732,1,10,23.470234375,1005.0528581023391,45.30338533402188,68.47143073441083,133019
1707953962.848337,1,10,23.47140625,1005.0444729037985,45.27894726325253,68.54170415775687,134132
1707953963.8591802,1,10,23.471796875,1005.0502714502079,45.266706622985005,68.49310851279903,135473
1707953964.8708706,1,10,23.47375,1005.0500458789273,45.25464988567347,68.49499894472615,134748
1707953965.8829777,1,10,23.474921875,1005.0416606120473,45.242502434493076,68.5652731000104,135891
1707953966.89472,1,10,23.4762890625,1005.0335964928923,45.23652051183455,68.63285626997613,137053
1707953967.9061809,1,9,23.4774609375,1005.0269298928183,45.236657753528185,68.6887275475171,137373
1707953968.9176211,1,9,23.479609375,1005.0253066345408,45.21848440707027,68.70233175589907,137480
1707953969.9285808,1,9,23.481953125,1005.0222857719185,45.20647655036808,68.72764905879146,138235
1707953970.9395912,1,9,23.4844921875,1005.0213047937178,45.20063293533245,68.73587047280013,139770
1707953971.9504976,1,9,23.4860546875,1005.0135616312253,45.19467519112037,68.80076484889156,140103
1707953972.963149,1,9,23.488203125,1005.0102194597719,45.17036621025811,68.82877525161196,140215
1707953973.9758587,1,9,23.49015625,1004.9979622268125,45.17059470645136,68.93150253348759,140775
1707953974.9909165,1,9,23.4919140625,1004.99397761783,45.15238221123844,68.96489756885997,140887
1707953976.0018718,1,9,23.4926953125,1004.9918247190072,45.158612754495536,68.98294107335809,141794
1707953977.0128324,1,9,23.49328125,1004.9876318732735,45.14640315484963,69.01808151909026,142482
1707953978.0237148,1,9,23.4942578125,1004.9892376783167,45.146517359439144,69.00462317424154,142137
1707953979.0346184,1,9,23.4969921875,1004.9885775730936,45.1836744735613,69.01015555214863,142828
1707953980.0455937,0,6,23.499921875,1004.9865197923525,45.20243907930475,69.02740194374732,142597
1707953981.0581894,0,6,23.5024609375,1004.9906948504037,45.27030008594757,68.99241054585536,143409
1707953982.0699108,0,6,23.5048046875,1004.9911111371035,45.31358401497951,68.98892162990556,143995
1707953983.0827162,0,7,23.508125,1004.9879767356782,45.36928730964097,69.01519120588283,144467
1707953984.0937226,0,7,23.509296875,1004.9881848490243,45.387866860138466,69.01344699540876,145181
1707953985.1045554,0,7,23.5106640625,1004.9904329359446,45.40032321539503,68.99460566230452,146023
1707953986.1151297,0,2,23.5130078125,1004.997724464081,45.39445053621682,68.9334952215708,146753
1707953987.1251943,0,2,23.514765625,1004.9920206990496,45.37006704070543,68.9812985579165,146875
1707953988.1361053,0,2,23.5165234375,1005.0052241319452,45.357979734083685,68.87064073220552,147737
1707953989.1479802,0,2,23.5190625,1005.0111180344969,45.35213126405468,68.8212443798293,148234
1707953990.1596217,0,2,23.520625,1005.0119684534934,45.340022192767194,68.81411710177795,148734
1707953991.1724708,0,2,23.5212109375,1005.0112130753333,45.30936354828428,68.82044785167723,149618
1707953992.1839752,0,2,23.5231640625,1005.0109869390226,45.285014601803,68.8223430785504,149745
1707953993.194846,0,2,23.52453125,1005.0080784528525,45.27903093464543,68.8467188548501,150384
1707953994.2060132,0,2,23.525703125,1005.0100053881531,45.26073767006355,68.83056936688592,151418
1707953995.2193487,0,2,23.5278515625,1005.0152569771418,45.22413395712843,68.78655635414911,151158
1707953996.2304301,0,2,23.528828125,1005.0048306439774,45.21196491137502,68.87393853351286,151288
1707953997.241334,0,2,23.5298046875,1005.0064364102359,45.19979669989045,68.8604807001975,152071
1707953998.2522159,0,2,23.531953125,1005.0048124523342,45.18776651004008,68.87409099671034,152465
1707953999.2639847,0,2,23.5344921875,1004.9952363229318,45.16350276870146,68.95434834113394,153128
1707954000.2754729,0,2,23.5360546875,1004.990929939592,45.14526713114101,68.99044025355853,153796
1707954001.2885609,0,2,23.53703125,1004.9890978814361,45.13924230879542,69.00579481928006,153128
1707954002.3003776,0,2,23.5380078125,1004.9872658136062,45.12707904684916,69.02114948874929,154877
1707954003.3116,0,2,23.54015625,1004.9856416937976,45.108915639671714,69.03476135243348,153930
1707954004.3242762,0,3,23.5430859375,1004.9921777517206,45.09698275068658,68.97998229428788,155423
1707954005.3356702,0,3,23.545625,1004.992914789439,45.09727955243024,68.973805159048,154741
1707954006.3480356,0,3,23.5481640625,1004.9919328799031,45.07916470034401,68.98203457315275,155973
1707954007.3606262,0,5,23.5503125,1004.9920275826549,45.06100601430116,68.98124086618571,156250
1707954008.3739526,0,5,23.553828125,1004.9909323700756,45.04914458134089,68.99041988357438,156250
1707954009.387291,0,5,23.5559765625,1004.9961838520164,45.04939553318523,68.94640709167552,158214
1707954010.3994482,0,5,23.558125,1005.0083111564718,45.03737510731146,68.8447685834224,157507
1707954011.4126406,0,5,23.560078125,1005.0063657203666,45.02533265601574,68.86107314750093,158214
1707954012.4246042,0,5,23.561640625,1005.0020590132034,45.01324539188613,68.89716745025729,157930
1707954013.4384177,1,5,23.5641796875,1004.9993579663355,45.00127291574749,68.91980485626755,158356
1707954014.4515133,1,5,23.56671875,1004.9949378956524,44.989301202025196,68.95684946399776,159070
1707954015.4643767,1,5,23.5688671875,1004.9829995779622,44.977284675211386,69.05690515130915,159214
1707954016.4771945,1,5,23.57140625,1004.9820173315763,44.97758091924922,69.06513745433024,159936
1707954017.4899602,1,5,23.5751171875,1004.9812428273522,44.96574738785291,69.07162865456937,160227
1707954018.5021205,1,5,23.57765625,1004.9871365039512,44.95377788817474,69.02223324151852,160812
1707954019.5142667,1,5,23.5805859375,1004.9936724604933,44.966385365836736,68.96745509902532,160519
1707954020.5274136,1,5,23.583125,1004.9944091231922,44.948283158184886,68.96128111426611,161401
1707954021.5404556,1,5,23.584296875,1004.9997739445561,44.930023348353174,68.91631855003065,161401
1707954022.5533204,1,6,23.5864453125,1005.0050254147271,44.9180105665193,68.87230617029275,161994
1707954023.565991,1,6,23.5899609375,1004.9970534999229,44.91228903595817,68.93911857038204,162893
1707954024.5778654,1,6,23.5923046875,1004.9974689534652,44.89416941192314,68.93563665499677,163194
1707954025.5901148,1,7,23.5950390625,1004.9968075890027,44.88835750935178,68.94117954990585,163346
1707954026.6029162,1,7,23.5969921875,1004.998299796276,44.90084641641861,68.92867336641143,162893
1707954027.6154823,1,7,23.59875,1004.9839993362988,44.888789902906346,69.04852608560462,163043
1707954028.626834,1,8,23.6016796875,1004.9836589493899,44.870740754827175,69.05137889854353,163497
1707954029.6396472,1,8,23.6048046875,1004.9836396394847,44.858845457228256,69.05154073659774,164566
1707954030.6521132,1,8,23.60734375,1004.9843760163027,44.8530118107053,69.04536909792495,164720
1707954031.66295,1,9,23.6098828125,1004.9902696365359,44.84717832870326,68.99597428196981,164720
1707954032.6731544,1,9,23.612421875,1004.9824105106957,44.84747399751625,69.0618421808942,165648
1707954033.6844547,1,9,23.615546875,1004.9789528381161,44.83558007769616,69.09082131558647,165648
1707954034.695914,1,8,23.6176953125,1004.9790468629507,44.83583021923824,69.09003328202519,165960
1707954035.7076938,1,8,23.6200390625,1004.982900210094,44.81771784583994,69.0577379628349,165648
1707954036.7190948,1,8,23.6216015625,1004.9889073504997,44.81177171689694,69.0073916693401,167062
1707954037.7303662,1,6,23.6231640625,1004.9828806405404,44.80582577214472,69.05790197712555,167857
1707954038.7421792,1,6,23.625703125,1004.9870550894669,44.793866259675305,69.0229155817489,167857
1707954039.7540667,1,6,23.627265625,1004.9896239835294,44.794048062009956,69.00138553052884,168177
1707954040.7689712,1,7,23.6290234375,1004.9959522720809,44.78812538280528,68.94834796455875,167857
1707954041.7819824,1,7,23.6290234375,1004.9976714125124,44.79425259316511,68.93393984651706,168177
1707954042.792885,1,7,23.6305859375,1004.9744531636269,44.78830717177728,69.12853370393239,168822
1707954043.8037596,0,6,23.6325390625,1004.9604727434053,44.77628056456576,69.24570639341881,168660
1707954044.8145757,0,6,23.633515625,1004.9483250495084,44.764141171813435,69.3475197097958,168660
1707954045.8256824,0,6,23.6344921875,1004.9413347739164,44.76425474578523,69.40610767172384,169471
1707954046.8373828,0,6,23.6356640625,1004.9415421836034,44.75213887395312,69.40436929333343,170620
1707954047.849313,0,6,23.6346875,1004.9485324767462,44.758151281681755,69.34578119409223,169146
1707954048.8614237,0,6,23.6341015625,1004.9596032467488,44.74583146254615,69.25299386185995,171117
1707954049.8738086,0,6,23.63390625,1004.9713162068998,44.74580875511623,69.15482504890329,171784
1707954050.884939,0,6,23.6344921875,1004.9516496845998,44.745876877544234,69.3196548878469,171449
1707954051.895793,0,6,23.635078125,1004.9405789029344,44.73981947794398,69.41244291243774,171449
1707954052.906578,0,5,23.6356640625,1004.929508104199,44.73376228452967,69.50523190776373,172287
1707954053.91737,0,5,23.6360546875,1004.9215545107724,44.727682596728954,69.57189481233253,171951
1707954054.9291558,0,5,23.63546875,1004.9188720967799,44.71536498408962,69.5943775147605,172456
1707954055.9400916,0,4,23.63546875,1004.9309061677335,44.72148962943926,69.49351410678318,172964
1707954056.9509027,0,4,23.6356640625,1004.9518571131312,44.71538767961317,69.31791636595685,172964
1707954057.961256,0,4,23.63546875,1004.9584126360295,44.7092405592408,69.2629726756803,173645
1707954058.9725542,0,4,23.6356640625,1004.9690486712149,44.71538767961317,69.17382967597007,173988
1707954059.983986,0,4,23.6356640625,1004.9742061408023,44.69701505920363,69.13060404002421,174160
1707954060.995836,0,4,23.6356640625,1004.9845210829709,44.69701505920363,69.04415328189536,174505
1707954062.007154,0,3,23.63546875,1004.9859191327116,44.684745064853615,69.03243611589221,173645
1707954063.017781,0,3,23.6341015625,1004.9922671468546,44.690709809068636,68.97923307079535,175025
1707954064.0290077,0,3,23.6344921875,1004.9860327490406,44.69687893094597,69.03148388898688,175548
1707954065.0398562,1,6,23.63546875,1004.9945149187462,44.684745064853615,68.9603944399206,175548
1707954066.0506518,1,6,23.6356640625,1004.9913977133011,44.69701505920363,68.98651982369218,175373
1707954067.0623271,1,6,23.63625,1004.9940802008634,44.684835798119906,68.96403781840165,174332
1707954068.0741456,1,5,23.6376171875,1005.0049237892348,44.678871233754585,68.87315788806897,175199
1707954069.085039,1,5,23.6372265625,1004.9991240756658,44.684949215738506,68.92176509041964,175548
1707954070.0959895,1,5,23.636640625,1005.0033182253195,44.6910047226066,68.88661404195085,176780
1707954071.1068451,1,7,23.63625,1004.9992376799854,44.684835798119906,68.92081297429502,176603
1707954072.117642,1,7,23.636640625,1004.9998799031825,44.6910047226066,68.9154305128151,176780
1707954073.1284528,1,7,23.63625,1005.0009568399146,44.684835798119906,68.90640473097847,177492
1707954074.14044,1,8,23.636640625,1004.9964415814892,44.67263471137628,68.94424705978236,177671
1707954075.1525578,1,8,23.6372265625,1005.0060007264431,44.678825871295665,68.86413213892172,178210
1707954076.1641846,1,8,23.6380078125,1005.0107235104201,44.67891659639763,68.82455084900776,178753
1707954077.1759775,1,8,23.6387890625,1005.0016929659585,44.672884178650264,68.90023528014726,178030
1707954078.1880858,1,8,23.6391796875,1005.0006160209828,44.6606839014416,68.90926112571394,177492
1707954079.200219,1,8,23.6387890625,1004.9930971333044,44.660638552979165,68.97227693020655,179298
1707954080.2125711,1,8,23.6391796875,1005.0006160209828,44.64843914794874,68.90926112571394,178210
1707954081.2241988,1,8,23.6395703125,1005.002977411795,44.642362435865195,68.8894703859346,179298
1707954082.237616,1,8,23.63859375,1005.0048101873253,44.64837114005759,68.87410997962978,180031
1707954083.2484713,2,9,23.63859375,1005.0099676872882,44.642249101428185,68.8308853345288,179298
1707954084.2592463,2,9,23.6395703125,1005.0132924276462,44.63624060545756,68.80302101421097,180584
1707954085.2690837,2,9,23.6395703125,1005.0132924276462,44.63624060545756,68.80302101421097,180031
1707954086.2798955,2,10,23.64015625,1005.0125366008687,44.63630859930462,68.8093555171693,179298
1707954087.2907512,2,10,23.64015625,1005.0125366008687,44.611823453204266,68.8093555171693,180584
1707954088.3015893,2,10,23.639765625,1005.0136135424287,44.62402026580041,68.80032978691122,180769
1707954089.3124402,2,9,23.64015625,1005.0176941148361,44.61794440897955,68.76613102376245,187740
1707954090.3243828,2,9,23.6411328125,1005.0210188691416,44.61193672808604,68.73826676000877,181141
1707954091.3364701,2,9,23.6403515625,1005.0317686105835,44.61184610808867,68.64817531110467,187842
1707954092.3474572,2,9,23.6395703125,1005.0322033004082,44.60563476091914,68.64453227839687,188352
1707954093.3582785,2,9,23.6387890625,1005.0360763242984,44.60554415221641,68.61207343663979,187944
1707954094.3691795,2,9,23.6395703125,1005.0407991560995,44.593393966603685,68.57249270498997,187740
1707954095.3799503,1,6,23.63859375,1005.0409127080233,44.5932807303996,68.57154105994793,188763
1707954096.390724,1,6,23.639765625,1005.0411202795534,44.59341661398239,68.56980146465777,188557
1707954097.4026637,1,6,23.64015625,1005.0486392195995,44.575102349049864,68.5067876593316,189175
1707954098.414759,1,6,23.6403515625,1005.0489603453075,44.58124462443037,68.50409641710458,189589
1707954099.4268665,1,6,23.6407421875,1005.0496025968092,44.57517026963274,68.49871393402368,189072
1707954100.4389474,1,6,23.64015625,1005.0520775667912,44.58734183510184,68.47797211046861,189072
1707954101.4510589,1,4,23.6387890625,1005.0549871902926,44.574943869297755,68.45358766669153,189900
1707954102.462185,1,4,23.63859375,1005.0563852318645,44.574921229516946,68.44187123432947,191368
1707954103.474299,1,4,23.63703125,1005.0589737000004,44.56250158746785,68.42017834354516,190422
1707954104.486114,1,3,23.6344921875,1005.05651816981,44.55608844308556,68.4407571347808,191474
1707954105.4982731,1,3,23.6356640625,1005.0653216014056,44.556224232461716,68.36697937450336,190318
1707954106.509495,1,3,23.636640625,1005.0617697695136,44.54410019890952,68.39674568150315,190737
1707954107.5204232,1,6,23.63625,1005.0490933629524,44.556292127769844,68.50298164295947,191580
1707954108.5312543,1,6,23.635078125,1005.0506049196506,44.54391918423701,68.49031382573675,191474
1707954109.541797,1,6,23.635078125,1005.0540432399918,44.537800938323365,68.46149854753327,192538
1707954110.552572,1,7,23.6356640625,1005.0567257899281,44.537868811112496,68.43901715416234,193290
1707954111.5634143,1,7,23.6344921875,1005.0513606936767,44.54385130449248,68.48397995914371,191792
1707954112.5743022,1,7,23.633515625,1005.0531933626619,44.531501940476346,68.4686210444929,192005
1707954113.585067,0,6,23.6325390625,1005.0584643293301,44.53750682767892,68.42444716683386,192859
1707954114.5958474,0,6,23.6325390625,1005.0584643293301,44.543625041662224,68.42444716683386,193074
1707954115.6072469,0,6,23.6325390625,1005.0584643293301,44.53138883419702,68.42444716683386,194156
1707954116.6194506,0,5,23.6313671875,1005.0651332942251,44.54348928616827,68.36855749022507,194047
1707954117.6317942,0,5,23.6309765625,1005.059333576444,44.53120786653747,68.4171623701131,193182
1707954118.6439292,0,5,23.6313671875,1005.0634141431871,44.537371086921766,68.3829649140872,193830
1707954119.656092,0,5,23.63,1005.0491321809978,44.52497702219242,68.50265632258252,194374
1707954120.6682372,0,5,23.628828125,1005.0437671177095,44.54319515493603,68.54761912637778,194701
1707954121.6802905,0,5,23.626875,1005.0491515245209,44.54908726868271,68.50249421132433,194156
1707954122.6912873,0,5,23.6247265625,1005.0576530151515,44.5549569292546,68.43124645643971,195360
1707954123.7021189,0,5,23.62375,1005.050889954169,44.5548437841873,68.48792505489796,195250
1707954124.713036,0,5,23.6231640625,1005.043050044829,44.56701363340895,68.55362868944951,195140
1707954125.7238414,0,5,23.6227734375,1005.0406886577749,44.566968366156104,68.57341875880596,195691
1707954126.734657,0,5,23.6212109375,1005.0415578663124,44.57902586759309,68.5661341810628,195581
1707954127.7456694,0,5,23.6196484375,1005.042427059792,44.566606234749514,68.55884973461363,196691
1707954128.7578351,0,5,23.6184765625,1005.0370620422552,44.57870893835796,68.60381239786221,195581
1707954129.7698507,0,5,23.617109375,1005.0416905775802,44.59078982461186,68.56502196792133,195581
1707954130.780742,0,5,23.615546875,1005.0442788441495,44.60284887974833,68.54333050958398,196802
1707954131.7915535,0,7,23.61359375,1005.0445057155234,44.58426253499607,68.54142917321026,197138
1707954132.8023462,0,7,23.612421875,1005.0511744073447,44.59636637374507,68.48554115662407,195802
1707954133.8131473,0,7,23.6118359375,1005.0484918991701,44.602418602400746,68.50802230054767,197475
1707954134.8239927,0,7,23.61203125,1005.0539703311565,44.60856162983891,68.46210956841527,196691
1707954135.8349593,0,7,23.6114453125,1005.0616024049718,44.60237331101393,68.39814829061997,196468
1707954136.8458095,0,7,23.6118359375,1005.0708401812043,44.59629844368572,68.32073080606492,198266
1707954137.8568456,0,4,23.61046875,1005.0668730840141,44.602260083351574,68.3539771226762,197026
1707954138.8676386,0,4,23.610859375,1005.0709535622445,44.60842574122327,68.31978061614373,198949
1707954139.8784678,0,4,23.610859375,1005.0778299500915,44.60842574122327,68.2621532031746,198266
1707954140.8905678,0,4,23.610859375,1005.0761108529634,44.60230537427858,68.2765600278838,198153
1707954141.9014812,0,4,23.6114453125,1005.0805124863856,44.61461428013999,68.23967235493694,199178
1707954142.9122522,0,4,23.612421875,1005.0855564222013,44.59636637374507,68.19740205912044,198493
1707954143.9230623,0,5,23.6126171875,1005.0893157748474,44.596389017190134,68.16589722029384,197926
1707954144.9338858,0,5,23.6126171875,1005.0927539803001,44.60250918572613,68.13708380351544,199752
1707954145.9447174,0,5,23.6133984375,1005.0957576848673,44.58423989623181,68.1119117280863,199522
1707954146.956506,0,6,23.614375,1005.0973634376081,44.57211425278125,68.09845499385206,199292
1707954147.9683049,0,6,23.61515625,1005.1055244811791,44.58444364676497,68.03006304311852,199178
1707954148.9807875,0,6,23.615546875,1005.1010094529788,44.57836938131596,68.06790025475307,199522
1707954149.9936051,0,6,23.6159375,1005.1033708680329,44.58453420375254,68.04811091242797,200793
1707954151.0052738,0,6,23.6161328125,1005.1054111329622,44.57231796118459,68.0310129315069,200677
1707954152.0174475,0,6,23.615546875,1005.1078858986189,44.5722500579699,68.01027375278049,200098
1707954153.0303338,0,7,23.615546875,1005.1044476755771,44.56001207279221,68.0390869657202,201143
1707954154.0416005,0,7,23.6149609375,1005.1137988791523,44.572182155168775,67.96072160812548,201260
1707954155.0533004,0,7,23.6149609375,1005.1172371002732,44.55382553025943,67.93190862833761,200445
1707954156.0641716,0,7,23.613984375,1005.1190695334392,44.55371239667632,67.916552504973,200561
1707954157.075228,0,7,23.6133984375,1005.1112296354021,44.541407908952785,67.98225243607048,200677
1707954158.087038,0,7,23.612421875,1005.1096238589932,44.516824280690386,67.99570921832495,201494
1707954159.0974011,1,8,23.61203125,1005.1089815486314,44.522896352380116,68.00109193441496,201963
1707954160.1093311,1,8,23.6126171875,1005.1082259103268,44.51684689221366,68.0074243696192,202672
1707954161.1201525,1,8,23.61203125,1005.1089815486314,44.50454513010108,68.00109193441496,201260
1707954162.1306357,1,5,23.612421875,1005.1010283433582,44.50459034318665,68.06774194775353,203147
1707954163.1424203,1,5,23.6130078125,1005.105430010161,44.49854151779791,68.03085473552431,203147
1707954164.154576,1,5,23.61203125,1005.1072624463665,44.49231208444265,68.01549844062653,203028
1707954165.1679819,1,5,23.610859375,1005.10361642032,44.49217647575796,68.04605311527693,204466
1707954166.1799107,1,5,23.6094921875,1005.0996492487571,44.498134648364,68.07929917730763,203505
1707954167.1908388,1,5,23.609296875,1005.0958899070398,44.479763571877854,68.11080366228954,202435
1707954168.2016532,1,6,23.610859375,1005.1053355192224,44.49217647575796,68.03164659493048,203625
1707954169.2124343,1,6,23.6114453125,1005.1045798821367,44.48001213099314,68.03797903852114,204225
1707954170.2232318,1,6,23.6118359375,1005.0966266837613,44.48005732415603,68.10462923039144,203984
1707954171.234036,1,6,23.610859375,1005.1018973215286,44.46771308945097,68.06045965465036,203505
1707954172.2448347,1,6,23.610859375,1005.1053355192224,44.473828605269084,68.03164659493048,205557
1707954173.2556887,1,6,23.6110546875,1005.112533072561,44.48608289729938,67.97132934031382,204707
1707954174.2676346,1,5,23.60890625,1005.1158767281404,44.46748717688561,67.94330880901047,205314
1707954175.279649,1,5,23.60734375,1005.1133074611774,44.46119119903217,67.96483979543652,204345
1707954176.2915602,1,5,23.60578125,1005.1158954538191,44.461010494866215,67.94315188412943,205557
1707954177.3033,1,7,23.60421875,1005.1150452593403,44.45471480233404,67.95027668396366,205557
1707954178.3140695,1,7,23.60109375,1005.1133448502275,44.44823871647496,67.96452646717897,205679
1707954179.324839,1,7,23.5997265625,1005.1128157965059,44.460310293951096,67.96896005175174,205192
1707954180.335605,1,7,23.5985546875,1005.1143269646451,44.4479451566299,67.95629614102447,206537
1707954181.3463702,1,7,23.597578125,1005.1161592840206,44.453946938355266,67.94094093524643,206046
1707954182.3586404,1,7,23.59640625,1005.1159513688898,44.453811438451226,67.94268330481859,205679
1707954183.3707337,1,6,23.59640625,1005.1176704300174,44.453811438451226,67.92827724418576,206414
1707954184.3828511,1,6,23.5971875,1005.1206741484086,44.46613179782799,67.90310555816494,208025
1707954185.394903,1,6,23.597578125,1005.1264736712932,44.466176974469136,67.85450471332011,207031
1707954186.4069507,1,7,23.5971875,1005.1327075953565,44.472247141736176,67.80226377665609,207279
1707954187.4178302,1,7,23.5954296875,1005.1349742618477,44.47204382702106,67.78326893905798,206784
1707954188.4285808,1,7,23.5938671875,1005.1306858514175,44.47797862862137,67.8192061739012,206414
1707954189.4393544,0,6,23.5923046875,1005.1281165024672,44.49002955842519,67.84073759053577,207527
1707954190.4501908,0,6,23.591328125,1005.1316678054121,44.47768493122206,67.81097730708044,206414
1707954191.4609904,0,6,23.590546875,1005.1303831257003,44.48371026578924,67.8217430451932,207155
1707954192.4728625,0,6,23.590546875,1005.1355402652983,44.48982618773657,67.77852579250127,207651
1707954193.4849632,0,6,23.5903515625,1005.1352190938165,44.489803591222895,67.78121723061363,207403
1707954194.4970343,0,6,23.589765625,1005.1376936688283,44.477504198215684,67.76048014749277,208025
1707954195.5079556,0,9,23.5883984375,1005.1337264213755,44.48346173367238,67.793725932835,208777
